"Domain","OperatingSystem","Count"
"contoso.com","OnTap","1"
"contoso.com","Windows 10 Enterprise","1"
"contoso.com","Windows 11 Enterprise","1"
"contoso.com","Windows Server 2012 R2 Standard","1"
"contoso.com","Windows Server 2016 Standard","1"
"contoso.com","Windows Server 2019 Standard","2"
"contoso.com","Windows Server 2022 Standard","1"
"contoso.com","Windows Server 2025 Datacenter","1"
"contoso.com","Windows Server 2025 Standard","1"
"emea.contoso.com","Windows 11 Enterprise","1"
"emea.contoso.com","Windows Server 2012 R2 Standard","1"
