"From","To","FromSite","ToSite","Automatic","Enabled","Transport"
"DC01","DC02","London","London","True","True","RPC"
"DC02","DC01","London","London","True","True","RPC"
"DC01","DC03","London","Singapore","True","True","RPC"
"DC03","DC01","Singapore","London","True","True","RPC"
"DC03","SGRODC1","Singapore","Singapore","True","True","RPC"
"DC02","NYDC1","London","NewYork","False","True","RPC"
"NYDC1","DC02","NewYork","London","True","True","RPC"
"DC01","EMEADC1","London","Frankfurt","True","True","RPC"
"EMEADC1","DC01","Frankfurt","London","True","True","RPC"
