"Id","Severity","Category","Area","Title","Finding","Risk","Steps","References","EvidenceCount","Phase"
"S02","High","Security","Kerberos","krbtgt password is old","krbtgt password is older than 180 days in: contoso.com (400 days).","The krbtgt key signs every Kerberos ticket. If it was ever stolen, attackers can forge tickets (Golden Ticket) until it is changed twice.","Reset the krbtgt password twice, at least 10 hours apart (longer than the maximum ticket lifetime), using Microsoft's documented procedure or script. | Check replication between the two resets. | Repeat at least every 180 days.","https://learn.microsoft.com/defender-for-identity/security-posture-assessments/accounts#change-password-for-krbtgt-account https://learn.microsoft.com/windows-server/identity/ad-ds/manage/forest-recovery-guide/ad-forest-recovery-reset-the-krbtgt-password","1","1"
"S05","High","Security","Privileged access","Privileged accounts have a service principal name (Kerberoastable)","1 privileged account(s) have an SPN: contoso.com\svc.sql.","Any domain user can request a ticket for an account with an SPN and crack its password offline. If it is an admin, cracking it gives Tier 0 access.","Move the service to a group managed service account (gMSA) and remove the SPN from the admin account. | If the account must stay, give it a long random password (25+ characters) and remove it from privileged groups.","https://learn.microsoft.com/defender-for-identity/security-posture-assessments/accounts#unsecure-account-attributes https://learn.microsoft.com/defender-for-identity/security-posture-assessments/accounts#identify-service-accounts-in-privileged-groups","1","1"
"S10","High","Security","Kerberos","Accounts do not require Kerberos pre-authentication (AS-REP roasting)","1 account(s) don't require Kerberos pre-authentication: contoso.com\asrep.user.","Anyone can request encrypted data for these accounts without knowing the password, and crack it offline.","Remove ""Do not require Kerberos preauthentication"" from each account (Set-ADAccountControl -DoesNotRequirePreAuth $false).","https://learn.microsoft.com/defender-for-identity/security-posture-assessments/accounts#unsecure-account-attributes","1","1"
"S12","High","Security","Kerberos","Unconstrained Kerberos delegation on non-DC accounts","1 non-DC account(s) are trusted for unconstrained delegation: contoso.com\APP01.","A server trusted for unconstrained delegation stores the TGT of everyone who connects to it. Compromise of that server exposes those users, including admins.","Change each account to constrained or resource-based constrained delegation to the specific services it needs. | If delegation is not needed, turn it off.","https://learn.microsoft.com/defender-for-identity/security-posture-assessments/accounts#unsecure-kerberos-delegation","1","1"
"S27","High","Security","Devices","Computers run an unsupported Windows version","2 computer(s) run an unsupported Windows version: contoso.com\WS02 (Windows 10), contoso.com\OLD01 (Windows Server 2012 R2).","Unsupported systems get no security fixes and are the easiest way in.","Upgrade or retire these computers; isolate any that must stay on a restricted network segment.","https://learn.microsoft.com/lifecycle/products/","2","1"
"S30","High","Security","Certificate services","Certificate templates let requesters choose the subject (possible ESC1)","1 published certificate template(s) let the requester set the subject and can be used to sign in: VulnTemplate.","If low-privileged users can enroll, anyone can get a certificate that signs in as a domain admin.","Check enrollment permissions on each template listed. ADTD does not read ACLs. | Turn off ""Supply in the request"", or require CA manager approval, or remove authentication EKUs, or stop publishing the template.","https://learn.microsoft.com/defender-for-identity/security-posture-assessments/certificates#prevent-users-to-request-a-certificate-valid-for-arbitrary-users-based-on-the-certificate-template-esc1-preview https://learn.microsoft.com/defender-for-identity/security-posture-assessments/certificates#edit-overly-permissive-certificate-template-with-privileged-eku-any-purpose-eku-or-no-eku-esc2","1","1"
"S31","High","Security","Hybrid identity","Seamless SSO key has not been rolled over for more than 30 days","AZUREADSSOACC key age: contoso.com 120 days.","The AZUREADSSOACC key lets anyone who steals it create Kerberos tickets that sign in as any synced user to Microsoft Entra ID.","Roll over the key with Update-AzureADSSOForest on the Entra Connect server (once per forest). | Schedule the rollover every 30 days. | Switch the account to AES after rolling the key.","https://learn.microsoft.com/entra/identity/hybrid/connect/how-to-connect-sso-faq https://learn.microsoft.com/entra/identity/hybrid/connect/how-to-connect-sso-how-it-works","1","1"
"H01","High","Health","Domain controllers","Domain controllers run an unsupported operating system","1 domain controller(s) run an unsupported OS: EMEADC1 (Windows Server 2012 R2).","Out-of-support servers get no security updates. A domain controller holds every password hash in the domain, so one unpatched DC exposes the whole forest.","Build replacement domain controllers on Windows Server 2025 (or 2022) in the same sites. | Move any FSMO roles off the old DCs (Move-ADDirectoryServerOperationMasterRole). | Update DNS forwarders, DHCP options and hard-coded DC names that point at the old servers. | Demote the old DCs with Uninstall-ADDSDomainController and clean up their metadata. | Raise the domain and forest functional levels when the last old DC is gone.","https://learn.microsoft.com/lifecycle/products/ https://learn.microsoft.com/windows-server/get-started/whats-new-windows-server-2025","1","1"
"H06","High","Health","Domains","SYSVOL still replicates with FRS","SYSVOL uses FRS in: emea.contoso.com.","FRS is removed from Windows Server 2019 and later. You cannot add a newer domain controller to this domain until SYSVOL uses DFS Replication.","Check that all DCs replicate cleanly (repadmin /replsummary). | Run dfsrmig /setglobalstate 1, 2 and 3 in turn, waiting for every DC to reach each state (dfsrmig /getmigrationstate). | Confirm SYSVOL is shared from the SYSVOL_DFSR folder on every DC.","https://learn.microsoft.com/windows-server/storage/dfs-replication/migrate-sysvol-to-dfsr","1","1"
"H07","High","Health","Domains","A domain has only one writable domain controller","Only one writable DC in: emea.contoso.com.","If that server fails, the domain is down and must be restored from backup.","Add a second writable domain controller, preferably in a different site or host. | Make sure both are global catalogs and DNS servers. | Keep a tested system-state backup of at least one DC per domain.","https://learn.microsoft.com/windows-server/identity/ad-ds/plan/designing-the-site-topology","1","1"
"H11","High","Health","Sites","A site is not in any site link","Not in any site link: Auckland.","Domain controllers in that site cannot replicate with other sites.","Add the site to an IP site link (Active Directory Sites and Services > Inter-Site Transports > IP).","https://learn.microsoft.com/windows-server/identity/ad-ds/plan/designing-the-site-topology","1","1"
"H17","High","Health","Exchange","Exchange servers are out of support","1 Exchange server(s) out of support: EX2019 (Exchange 2019).","Unsupported Exchange servers get no security updates and are a common attack entry point.","Upgrade to Exchange Server Subscription Edition, or move mailboxes to Exchange Online. | If all mailboxes are in Exchange Online, keep only the Exchange Management Tools for recipient management and remove the last servers.","https://learn.microsoft.com/exchange/plan-and-deploy/supportability-matrix https://learn.microsoft.com/troubleshoot/exchange/administration/exchange-2019-2016-end-of-support","1","1"
"S01","Medium","Security","Trusts","External trust without SID filtering","External trusts without SID filtering: emea.contoso.com -> tailspin.local.","Without SID filtering an administrator in the trusted domain can add privileged SIDs to SID history and become an admin in your domain.","Turn quarantine back on: netdom trust <trusting> /domain:<trusted> /quarantine:yes. | Only leave it off during a migration that needs SID history, and turn it on afterwards.","https://learn.microsoft.com/windows-server/administration/windows-commands/netdom-trust","1","1"
"S03","Medium","Security","Privileged access","Too many accounts are domain or enterprise administrators","More than five enabled administrators: contoso.com Domain Admins: 8 enabled members.","Every Tier 0 account is a path to full control of the forest. Microsoft suggests fewer than five people with Domain Admins-equivalent access and no service accounts in Domain Admins.","List every member, including nested groups, and remove anyone who doesn't need permanent Tier 0 rights. | Delegate day-to-day tasks with scoped groups instead of Domain Admins. | Use separate admin accounts and privileged access workstations for Tier 0.","https://learn.microsoft.com/windows-server/identity/ad-ds/tier-model https://learn.microsoft.com/security/privileged-access-workstations/privileged-access-access-model","8","1"
"S04","Medium","Security","Privileged access","Schema Admins or Enterprise Admins have permanent members","Schema/Enterprise Admins have 2 permanent member(s): Enterprise Admins: Administrator, Schema Admins: Administrator.","These groups are only needed for schema changes and forest-wide changes, and should normally be empty.","Remove all members, and add an account only for the duration of a planned change.","https://learn.microsoft.com/windows-server/identity/ad-ds/tier-model","2","1"
"S06","Medium","Security","Privileged access","Privileged accounts are not protected against delegation","8 privileged account(s) are neither in Protected Users nor marked sensitive: contoso.com\svc.sql, contoso.com\da1, contoso.com\da2, contoso.com\da3, contoso.com\da4 and 3 more.","Admin accounts that are not marked ""sensitive and cannot be delegated"" (or in Protected Users) can be impersonated through Kerberos delegation.","Add human admin accounts to the Protected Users group (test first: it blocks NTLM, DES/RC4 and delegation for them). | For other privileged accounts, set ""Account is sensitive and cannot be delegated"".","https://learn.microsoft.com/defender-for-identity/security-posture-assessments/accounts#ensure-privileged-accounts-are-not-delegated https://learn.microsoft.com/windows-server/security/credentials-protection-and-management/protected-users-security-group","8","1"
"S07","Medium","Security","Privileged access","Privileged accounts with old or non-expiring passwords","2 privileged account(s) have a password older than a year or set to never expire: contoso.com\Administrator, contoso.com\svc.sql.","Old admin passwords are more likely to have been exposed and reused.","Rotate the passwords of these accounts. | Remove ""password never expires"" from admin accounts, or better, use long passphrases with MFA-backed access (smart card, Windows Hello for Business).","https://learn.microsoft.com/defender-for-identity/security-posture-assessments/accounts#change-password-of-built-in-domain-administrator-account https://learn.microsoft.com/windows-server/identity/ad-ds/tier-model","2","2"
"S08","Medium","Security","Privileged access","Privileged accounts are not being used","1 enabled privileged account(s) have not signed in for 90 days: contoso.com\da.stale.","Enabled admin accounts that no one signs in with are an easy target nobody watches.","Disable these accounts, wait a few weeks for anything that breaks, then delete them.","https://learn.microsoft.com/defender-for-identity/security-posture-assessments/accounts#dormant-entities-in-sensitive-groups https://learn.microsoft.com/defender-for-identity/security-posture-assessments/accounts#remove-stale-active-directory-accounts","1","1"
"S09","Medium","Security","Privileged access","Operator groups have members","Operator groups have 1 member(s): contoso.com Account Operators: helpdesk1.","Account, Server, Backup and Print Operators can log on to DCs or edit privileged objects, so they are effectively Tier 0.","Empty these groups and delegate the specific tasks with scoped permissions instead.","https://learn.microsoft.com/defender-for-identity/security-posture-assessments/accounts#locate-accounts-in-built-in-operator-groups https://learn.microsoft.com/windows-server/identity/ad-ds/tier-model","1","1"
"S11","Medium","Security","Kerberos","User accounts with service principal names (Kerberoastable)","1 user account(s) have SPNs: contoso.com\svc.web.","Service accounts with SPNs can be attacked offline; weak or old passwords are cracked quickly.","Replace these accounts with group managed service accounts (gMSA), which have 120-character rotating passwords. | Where that is not possible, set passwords of 25+ random characters and enable AES encryption on the account.","https://learn.microsoft.com/defender-for-identity/service-account-discovery https://learn.microsoft.com/defender-for-identity/security-posture-assessments/accounts#unsecure-account-attributes","1","2"
"S14","Medium","Security","Accounts","Accounts that do not need a password","1 account(s) don't require a password: contoso.com\nopwd.user.","PASSWD_NOTREQD lets the account have an empty password.","Remove the flag (Set-ADUser -PasswordNotRequired $false) and set a password.","https://learn.microsoft.com/defender-for-identity/security-posture-assessments/accounts#unsecure-account-attributes","1","1"
"S17","Medium","Security","Kerberos","Accounts limited to RC4 Kerberos encryption","2 account(s) only allow RC4 for Kerberos: contoso.com\svc.web, contoso.com\AZUREADSSOACC.","Windows Server updates from July 2026 change the default Kerberos encryption type from RC4 to AES-256. Accounts limited to RC4 are easier to crack and may fail to authenticate.","Enable AES 128/256 on each account (msDS-SupportedEncryptionTypes = 0x18 or 0x1C during migration) and reset the password so AES keys exist. | For the AZUREADSSOACC account, roll over its key first, then switch it to AES.","https://learn.microsoft.com/windows-server/security/kerberos/detect-remediate-rc4-kerberos https://learn.microsoft.com/defender-for-identity/security-posture-assessments/accounts#unsecure-account-attributes https://learn.microsoft.com/entra/identity/hybrid/connect/how-to-connect-sso-how-it-works","2","2"
"S21","Medium","Security","Accounts","Accounts with SID history","1 account(s) carry SID history: contoso.com\migrated.user.","SID history left after a migration can silently grant access, and is a known privilege-escalation technique.","After confirming resource ACLs have been re-permissioned, clear sIDHistory from migrated accounts.","https://learn.microsoft.com/defender-for-identity/security-posture-assessments/accounts#unsecure-sid-history-attributes https://learn.microsoft.com/windows-server/administration/windows-commands/netdom-trust","1","2"
"S22","Medium","Security","Domain settings","Any user can join computers to the domain (MachineAccountQuota)","MachineAccountQuota is above 0 in: contoso.com (10).","By default each user can create 10 computer accounts, which attackers use for relay and delegation attacks.","Set ms-DS-MachineAccountQuota to 0 on the domain. | Delegate ""Create computer objects"" on specific OUs to the people or tools that join devices.","https://learn.microsoft.com/troubleshoot/windows-server/active-directory/default-workstation-numbers-join-domain https://learn.microsoft.com/windows-server/identity/ad-ds/manage/active-directory-domain-join-permissions","1","1"
"S23","Medium","Security","Domain settings","Default domain password policy is weak","Weak default password policy: contoso.com: minimum length 7, no lockout.","Short passwords and no lockout make password spraying easy.","Set a minimum length of at least 14 characters (fine-grained policies for admins can require more). | Set an account lockout threshold (for example 10 attempts) to slow down guessing. | Add Microsoft Entra Password Protection to block common and breached passwords on-premises.","https://learn.microsoft.com/microsoft-365/admin/misc/password-policy-recommendations https://learn.microsoft.com/entra/identity/authentication/howto-password-ban-bad-on-premises-deploy","1","2"
"S26","Medium","Security","Local admin passwords","Some computers have no LAPS password","80% of 5 Windows member computers have a LAPS password; 1 don't: contoso.com\WS02.","Computers without a managed password still share local admin credentials.","Check that the LAPS policy reaches these computers (event log Microsoft-Windows-LAPS/Operational). | Retire or fix computers that no longer apply policy.","https://learn.microsoft.com/windows-server/identity/laps/laps-overview https://learn.microsoft.com/defender-for-identity/security-posture-assessments/accounts#microsoft-laps-usage","1","2"
"S28","Medium","Security","Accounts","The Guest account is enabled","Guest is enabled in: contoso.com.","Guest allows unauthenticated-style access to resources shared with Everyone.","Disable the Guest account.","","1","1"
"S29","Medium","Security","Domain settings","Pre-Windows 2000 Compatible Access contains Anonymous or Everyone","Pre-Windows 2000 Compatible Access includes Anonymous or Everyone in: contoso.com.","Lets anonymous users read user and group information from the directory.","Remove Anonymous Logon and Everyone from the group; leave Authenticated Users only if old applications need it.","https://learn.microsoft.com/defender-for-identity/security-posture-assessments/identity-infrastructure","1","1"
"H02","Medium","Health","Domain controllers","Domain controller support ends within 12 months","1 domain controller(s) reach end of support within 12 months: NYDC1 (Windows Server 2016, 2027-01-12).","Plan now so the replacement is finished before security updates stop.","Add Windows Server 2025 domain controllers to each affected site. | Transfer roles and demote the old DCs before the end-of-support date.","https://learn.microsoft.com/lifecycle/products/","1","2"
"H04","Medium","Health","Forest","Forest or domain functional level is below Windows Server 2016","Functional level below Windows Server 2016: Domain emea.contoso.com: Windows Server 2012 R2.","Lower levels block newer security features, such as privileged access management with time-bound group membership and automatic NTLM secret rolling for smart-card users.","Make sure every DC in the domain runs Windows Server 2016 or later. | Raise each domain level (Set-ADDomainMode), then the forest level (Set-ADForestMode).","https://learn.microsoft.com/windows-server/identity/ad-ds/active-directory-functional-levels https://learn.microsoft.com/windows-server/identity/ad-ds/plan/raise-domain-forest-functional-levels","1","2"
"H09","Medium","Health","Forest","The Active Directory Recycle Bin is not enabled","The Active Directory Recycle Bin is not enabled.","Without it, restoring a deleted user, group or OU needs an authoritative restore from backup.","Run: Enable-ADOptionalFeature ""Recycle Bin Feature"" -Scope ForestOrConfigurationSet -Target <forest>. | It cannot be turned off, and objects deleted before it was enabled cannot be recovered with it.","https://learn.microsoft.com/windows-server/identity/ad-ds/get-started/adac/active-directory-recycle-bin","0","1"
"X03","Medium","Hybrid","Authentication","AD FS is (or was) deployed","AD FS configuration container found in: contoso.com.","AD FS adds servers to patch and protect as Tier 0, and makes cloud sign-in depend on on-premises availability. Microsoft recommends password hash sync for cloud authentication.","Inventory the relying parties in AD FS; move apps to Microsoft Entra ID enterprise apps. | Enable password hash sync and test with Staged Rollout. | Convert the federated domains to managed, then decommission AD FS and its DKM container.","https://learn.microsoft.com/entra/identity/hybrid/connect/migrate-from-federation-to-cloud-authentication https://learn.microsoft.com/entra/identity/hybrid/connect/how-to-connect-staged-rollout","1","3"
"X04","Medium","Hybrid","Directory sync","Users have non-routable UPN suffixes","1 enabled user(s) have non-routable UPN suffixes: @contoso.local (1).","Users with UPNs such as user@contoso.local sync to Microsoft Entra ID as user@<tenant>.onmicrosoft.com, so their sign-in name differs from their email.","Add a routable UPN suffix that you have verified in Microsoft 365 (Active Directory Domains and Trusts > Properties > UPN Suffixes). | Change user UPNs to the new suffix (ideally matching their primary email). | Run IdFix to find other sync blockers.","https://learn.microsoft.com/microsoft-365/enterprise/prepare-a-non-routable-domain-for-directory-synchronization https://learn.microsoft.com/microsoft-365/enterprise/prepare-for-directory-synchronization","1","2"
"S18","Low","Security","Accounts","Enabled user accounts that have not signed in for 90 days","2 enabled user account(s) have not signed in for 90 days: contoso.com\da.stale, contoso.com\old.user.","Unused accounts are rarely watched and are a common foothold.","Disable the accounts, move them to a quarantine OU, and delete them after your retention period. | Automate this with a lifecycle process or Microsoft Entra ID Governance.","https://learn.microsoft.com/defender-for-identity/security-posture-assessments/accounts#remove-stale-active-directory-accounts","2","2"
"S19","Low","Security","Accounts","Enabled computer accounts that have not signed in for 90 days","1 enabled computer account(s) have not signed in for 90 days: contoso.com\OLD01.","Stale computer accounts clutter the directory and can be reused by attackers.","Disable, then delete, computer accounts that no longer exist.","https://learn.microsoft.com/defender-for-identity/security-posture-assessments/accounts#remove-stale-active-directory-accounts","1","2"
"S20","Low","Security","Accounts","User accounts with passwords that never expire","3 user account(s) have passwords that never expire: contoso.com\Administrator, contoso.com\svc.sql, contoso.com\MSOL_1a2b3c4d5e6f.","Long-lived passwords are more likely to be leaked and reused. Microsoft no longer recommends forced periodic change for users with MFA, but ""never expires"" on shared or service accounts hides old passwords.","Review the list: convert service accounts to gMSA, and for people rely on MFA and banned-password checks instead of the flag.","https://learn.microsoft.com/microsoft-365/admin/misc/password-policy-recommendations","3","3"
"S32","Low","Security","Privileged access","DnsAdmins has members","DnsAdmins has 1 member(s): contoso.com DnsAdmins: dns.op.","DnsAdmins members can load code on domain controllers running DNS.","Treat DnsAdmins as Tier 0: keep it empty or limited to Tier 0 admins.","https://learn.microsoft.com/windows-server/identity/ad-ds/tier-model","1","2"
"H12","Low","Health","Sites","A site has no subnets","Sites without subnets: Auckland.","Clients never land in that site, so its domain controllers only serve clients by accident.","Assign the IP subnets of that location to the site, or delete the site if it is no longer used.","https://learn.microsoft.com/windows-server/identity/ad-ds/plan/designing-the-site-topology","1","2"
"H13","Low","Health","Sites","A subnet is not assigned to a site","Subnets not assigned to a site: 192.168.99.0/24.","Clients in that subnet can pick any domain controller, including ones across slow WAN links.","Assign each subnet to the site of its location. | Check the Netlogon.log on DCs for NO_CLIENT_SITE entries to find subnets that are still missing.","https://learn.microsoft.com/windows-server/identity/ad-ds/plan/designing-the-site-topology","1","2"
"H16","Low","Health","Replication","Manually created or disabled replication connections","1 replication connection(s) are manual or disabled: DC02 -> NYDC1.","Manual connections are not maintained by the KCC and often outlive the reason they were created. Disabled connections can hide replication gaps.","Review each manual connection; delete it unless there is a documented reason, and let the KCC build the topology. | Check replication health with repadmin /replsummary and repadmin /showrepl.","https://learn.microsoft.com/windows-server/identity/ad-ds/plan/designing-the-site-topology","1","2"
"X02","Low","Hybrid","Directory sync","Microsoft Entra Connect Sync is in use","Microsoft Entra Connect Sync accounts found: contoso.com\MSOL_1a2b3c4d5e6f (server SYNC01).","Connect Sync is a full sync server that must be patched and protected as Tier 0. Microsoft is putting new sync features into Cloud Sync.","Keep Connect Sync on the latest version and protect the server as Tier 0. | Review the decision guide: move to Cloud Sync if you don't need device sync, advanced sync rules or more than 150,000 objects per domain.","https://learn.microsoft.com/entra/identity/hybrid/cloud-sync/connect-to-cloud-sync-decision-guide https://learn.microsoft.com/entra/identity/hybrid/cloud-sync/what-is-cloud-sync","1","3"
"X05","Low","Hybrid","Directory sync","Enabled users without a UPN","1 enabled user(s) have no UPN.","Accounts without a userPrincipalName sync with a generated name and are harder to manage.","Set a UPN on each account that will be synced.","https://learn.microsoft.com/microsoft-365/enterprise/prepare-for-directory-synchronization","0","2"
"X07","Low","Hybrid","Authentication","Microsoft Entra Kerberos (cloud Kerberos trust) is not set up","No AzureADKerberos object in: emea.contoso.com.","Cloud Kerberos trust is the recommended way to deploy Windows Hello for Business and FIDO2 security keys for on-premises access, without a PKI.","Create the Microsoft Entra Kerberos server object for each domain (Set-AzureADKerberosServer). | Enable Windows Hello for Business with ""Use cloud trust for on-premises authentication"".","https://learn.microsoft.com/windows/security/identity-protection/hello-for-business/deploy/hybrid-cloud-kerberos-trust","1","3"
"X08","Low","Hybrid","Authentication","Microsoft Entra Password Protection is not deployed on domain controllers","No Microsoft Entra Password Protection DC agents are registered.","On-premises password changes aren't checked against the global banned password list.","Install the Password Protection proxy on member servers and the DC agent on every DC; start in audit mode, then enforce.","https://learn.microsoft.com/entra/identity/authentication/howto-password-ban-bad-on-premises-deploy","0","2"
