"Id","Title","Object"
"S02","krbtgt password is old","contoso.com - 400 days"
"S05","Privileged accounts have a service principal name (Kerberoastable)","contoso.com\svc.sql"
"S10","Accounts do not require Kerberos pre-authentication (AS-REP roasting)","contoso.com\asrep.user"
"S12","Unconstrained Kerberos delegation on non-DC accounts","contoso.com\APP01"
"S27","Computers run an unsupported Windows version","contoso.com\WS02 (Windows 10)"
"S27","Computers run an unsupported Windows version","contoso.com\OLD01 (Windows Server 2012 R2)"
"S30","Certificate templates let requesters choose the subject (possible ESC1)","VulnTemplate - Enrollee supplies subject, usable for authentication, no manager approval"
"S31","Seamless SSO key has not been rolled over for more than 30 days","contoso.com - 120 days"
"H01","Domain controllers run an unsupported operating system","EMEADC1 - Windows Server 2012 R2, support ended 2023-10-10, site Frankfurt, domain emea.contoso.com"
"H06","SYSVOL still replicates with FRS","emea.contoso.com"
"H07","A domain has only one writable domain controller","emea.contoso.com - EMEADC1"
"H11","A site is not in any site link","Auckland"
"H17","Exchange servers are out of support","EX2019 - Exchange 2019 15.2.1748, site NewYork"
"S01","External trust without SID filtering","emea.contoso.com -> tailspin.local (Outbound)"
"S03","Too many accounts are domain or enterprise administrators","contoso.com Domain Admins: Administrator"
"S03","Too many accounts are domain or enterprise administrators","contoso.com Domain Admins: admin.jane"
"S03","Too many accounts are domain or enterprise administrators","contoso.com Domain Admins: svc.sql"
"S03","Too many accounts are domain or enterprise administrators","contoso.com Domain Admins: da1"
"S03","Too many accounts are domain or enterprise administrators","contoso.com Domain Admins: da2"
"S03","Too many accounts are domain or enterprise administrators","contoso.com Domain Admins: da3"
"S03","Too many accounts are domain or enterprise administrators","contoso.com Domain Admins: da4"
"S03","Too many accounts are domain or enterprise administrators","contoso.com Domain Admins: da.stale"
"S04","Schema Admins or Enterprise Admins have permanent members","Enterprise Admins: Administrator"
"S04","Schema Admins or Enterprise Admins have permanent members","Schema Admins: Administrator"
"S06","Privileged accounts are not protected against delegation","contoso.com\svc.sql"
"S06","Privileged accounts are not protected against delegation","contoso.com\da1"
"S06","Privileged accounts are not protected against delegation","contoso.com\da2"
"S06","Privileged accounts are not protected against delegation","contoso.com\da3"
"S06","Privileged accounts are not protected against delegation","contoso.com\da4"
"S06","Privileged accounts are not protected against delegation","contoso.com\da.stale"
"S06","Privileged accounts are not protected against delegation","contoso.com\helpdesk1"
"S06","Privileged accounts are not protected against delegation","emea.contoso.com\emea.admin"
"S07","Privileged accounts with old or non-expiring passwords","contoso.com\Administrator - password age 800 days, never expires"
"S07","Privileged accounts with old or non-expiring passwords","contoso.com\svc.sql - password age 30 days, never expires"
"S08","Privileged accounts are not being used","contoso.com\da.stale"
"S09","Operator groups have members","contoso.com Account Operators: helpdesk1"
"S11","User accounts with service principal names (Kerberoastable)","contoso.com\svc.web"
"S14","Accounts that do not need a password","contoso.com\nopwd.user"
"S17","Accounts limited to RC4 Kerberos encryption","contoso.com\svc.web"
"S17","Accounts limited to RC4 Kerberos encryption","contoso.com\AZUREADSSOACC"
"S21","Accounts with SID history","contoso.com\migrated.user"
"S22","Any user can join computers to the domain (MachineAccountQuota)","contoso.com - 10"
"S23","Default domain password policy is weak","contoso.com: minimum length 7, no lockout"
"S26","Some computers have no LAPS password","contoso.com\WS02"
"S28","The Guest account is enabled","contoso.com"
"S29","Pre-Windows 2000 Compatible Access contains Anonymous or Everyone","contoso.com"
"H02","Domain controller support ends within 12 months","NYDC1 - Windows Server 2016, support ends 2027-01-12"
"H04","Forest or domain functional level is below Windows Server 2016","Domain emea.contoso.com: Windows Server 2012 R2"
"X03","AD FS is (or was) deployed","contoso.com"
"X04","Users have non-routable UPN suffixes","@contoso.local - 1 user(s)"
"S18","Enabled user accounts that have not signed in for 90 days","contoso.com\da.stale"
"S18","Enabled user accounts that have not signed in for 90 days","contoso.com\old.user"
"S19","Enabled computer accounts that have not signed in for 90 days","contoso.com\OLD01"
"S20","User accounts with passwords that never expire","contoso.com\Administrator"
"S20","User accounts with passwords that never expire","contoso.com\svc.sql"
"S20","User accounts with passwords that never expire","contoso.com\MSOL_1a2b3c4d5e6f"
"S32","DnsAdmins has members","contoso.com DnsAdmins: dns.op"
"H12","A site has no subnets","Auckland"
"H13","A subnet is not assigned to a site","192.168.99.0/24"
"H16","Manually created or disabled replication connections","DC02 -> NYDC1 (manual)"
"X02","Microsoft Entra Connect Sync is in use","contoso.com\MSOL_1a2b3c4d5e6f (server SYNC01)"
"X07","Microsoft Entra Kerberos (cloud Kerberos trust) is not set up","emea.contoso.com"
