"Capability","Status","Evidence","Recommendation","Priority"
"Supported domain controllers","Partial","4 of 6 DCs supported for at least 12 more months","All DCs on Windows Server 2022/2025","High"
"Modern functional level","Present","Windows Server 2016","Windows Server 2016 now; 2025 once every DC runs 2025","Medium"
"SYSVOL on DFS Replication","Missing","contoso.com: DFSR; emea.contoso.com: FRS","DFSR in every domain","High"
"AD Recycle Bin","Missing","","Enable it","Medium"
"Windows LAPS","Present","","Windows LAPS with encryption; back up to Entra ID for Entra-joined devices","High"
"Directory sync to Microsoft Entra ID","Present","Connect Sync: contoso.com\MSOL_1a2b3c4d5e6f (server SYNC01)","Cloud Sync (or Connect Sync where its extra features are needed)","Low"
"Routable UPNs matching email","Partial","1 users on non-routable suffixes","UPN = primary email on a verified domain","High"
"Cloud authentication (no AD FS)","Missing","AD FS container in contoso.com","Password hash sync + Conditional Access + MFA","Medium"
"Microsoft Entra hybrid join","Present","SCP points to contoso.onmicrosoft.com","Hybrid join existing PCs; Entra join + Intune + Autopilot for new PCs","Medium"
"Microsoft Entra Kerberos (cloud Kerberos trust)","Partial","Missing in emea.contoso.com","Enables Windows Hello for Business and FIDO2 keys for on-premises access","Medium"
"Seamless SSO","Present","","Only needed for devices that are not hybrid or Entra joined; roll its key every 30 days","Low"
"Entra Password Protection on DCs","Missing","","Block banned and breached passwords on-premises","Medium"
"Defender for Identity","Not detectable","","Sensors on every DC, AD FS, AD CS and Entra Connect server","High"
"Conditional Access and MFA","Not detectable","","Require phishing-resistant MFA for admins and MFA for all users","High"
"Exchange","On-premises","3 server(s)","Exchange Online; keep Exchange SE or management tools only for recipient management","Medium"
"Certificate services","On-premises","1 CA(s), 1 risky template(s)","Treat AD CS as Tier 0; cloud Kerberos trust removes the need for WHfB certificates","Medium"
