"Phase","PhaseName","Task"
"1","Stabilise and secure","[S02] krbtgt password is old"
"1","Stabilise and secure","[S05] Privileged accounts have a service principal name (Kerberoastable)"
"1","Stabilise and secure","[S10] Accounts do not require Kerberos pre-authentication (AS-REP roasting)"
"1","Stabilise and secure","[S12] Unconstrained Kerberos delegation on non-DC accounts"
"1","Stabilise and secure","[S27] Computers run an unsupported Windows version"
"1","Stabilise and secure","[S30] Certificate templates let requesters choose the subject (possible ESC1)"
"1","Stabilise and secure","[S31] Seamless SSO key has not been rolled over for more than 30 days"
"1","Stabilise and secure","[H01] Domain controllers run an unsupported operating system"
"1","Stabilise and secure","[H06] SYSVOL still replicates with FRS"
"1","Stabilise and secure","[H07] A domain has only one writable domain controller"
"1","Stabilise and secure","[H11] A site is not in any site link"
"1","Stabilise and secure","[H17] Exchange servers are out of support"
"1","Stabilise and secure","[S01] External trust without SID filtering"
"1","Stabilise and secure","[S03] Too many accounts are domain or enterprise administrators"
"1","Stabilise and secure","[S04] Schema Admins or Enterprise Admins have permanent members"
"1","Stabilise and secure","[S06] Privileged accounts are not protected against delegation"
"1","Stabilise and secure","[S08] Privileged accounts are not being used"
"1","Stabilise and secure","[S09] Operator groups have members"
"1","Stabilise and secure","[S14] Accounts that do not need a password"
"1","Stabilise and secure","[S22] Any user can join computers to the domain (MachineAccountQuota)"
"1","Stabilise and secure","[S28] The Guest account is enabled"
"1","Stabilise and secure","[S29] Pre-Windows 2000 Compatible Access contains Anonymous or Everyone"
"1","Stabilise and secure","[H09] The Active Directory Recycle Bin is not enabled"
"1","Stabilise and secure","Deploy Defender for Identity sensors and review its security assessments"
"1","Stabilise and secure","Confirm offline DC backups and a tested forest recovery plan"
"2","Modernise on-premises AD","[S07] Privileged accounts with old or non-expiring passwords"
"2","Modernise on-premises AD","[S11] User accounts with service principal names (Kerberoastable)"
"2","Modernise on-premises AD","[S17] Accounts limited to RC4 Kerberos encryption"
"2","Modernise on-premises AD","[S21] Accounts with SID history"
"2","Modernise on-premises AD","[S23] Default domain password policy is weak"
"2","Modernise on-premises AD","[S26] Some computers have no LAPS password"
"2","Modernise on-premises AD","[H02] Domain controller support ends within 12 months"
"2","Modernise on-premises AD","[H04] Forest or domain functional level is below Windows Server 2016"
"2","Modernise on-premises AD","[X04] Users have non-routable UPN suffixes"
"2","Modernise on-premises AD","[S18] Enabled user accounts that have not signed in for 90 days"
"2","Modernise on-premises AD","[S19] Enabled computer accounts that have not signed in for 90 days"
"2","Modernise on-premises AD","[S32] DnsAdmins has members"
"2","Modernise on-premises AD","[H12] A site has no subnets"
"2","Modernise on-premises AD","[H13] A subnet is not assigned to a site"
"2","Modernise on-premises AD","[H16] Manually created or disabled replication connections"
"2","Modernise on-premises AD","[X05] Enabled users without a UPN"
"2","Modernise on-premises AD","[X08] Microsoft Entra Password Protection is not deployed on domain controllers"
"2","Modernise on-premises AD","Run IdFix and clean up duplicate or invalid attributes"
"3","Hybrid identity with Microsoft Entra ID","[X03] AD FS is (or was) deployed"
"3","Hybrid identity with Microsoft Entra ID","[S20] User accounts with passwords that never expire"
"3","Hybrid identity with Microsoft Entra ID","[X02] Microsoft Entra Connect Sync is in use"
"3","Hybrid identity with Microsoft Entra ID","[X07] Microsoft Entra Kerberos (cloud Kerberos trust) is not set up"
"3","Hybrid identity with Microsoft Entra ID","Enable password hash sync, Conditional Access and MFA for all users"
"3","Hybrid identity with Microsoft Entra ID","Windows Hello for Business with cloud Kerberos trust"
"4","Cloud-first and reduce on-premises","New devices Microsoft Entra joined with Intune and Autopilot"
"4","Cloud-first and reduce on-premises","Move apps to Entra ID (SAML/OIDC), app proxy or Private Access"
"4","Cloud-first and reduce on-premises","Retire servers and domains that no longer have a purpose"
"4","Cloud-first and reduce on-premises","Raise to the Windows Server 2025 functional level after the last pre-2025 DC is gone"
